{
  "version": 1,
  "author": "QIAGENG BERKE JAISYURROHMAN",
  "editor": "wokwi",
  "parts": [
    { "type": "board-esp32-devkit-c-v4", "id": "esp", "top": 0, "left": 0, "attrs": {} },
    {
      "type": "wokwi-lcd1602",
      "id": "lcd1",
      "top": -118.4,
      "left": 149.6,
      "attrs": { "pins": "i2c" }
    },
    {
      "type": "wokwi-rgb-led",
      "id": "rgb1",
      "top": 32.8,
      "left": 145.1,
      "attrs": { "common": "cathode" }
    }
  ],
  "connections": [
    [ "esp:TX", "$serialMonitor:RX", "", [] ],
    [ "esp:RX", "$serialMonitor:TX", "", [] ],
    [ "rgb1:COM", "esp:GND.3", "green", [ "v0" ] ],
    [ "rgb1:R", "esp:19", "green", [ "v0" ] ],
    [ "rgb1:G", "esp:18", "green", [ "v0" ] ],
    [ "rgb1:B", "esp:17", "green", [ "v0" ] ],
    [ "lcd1:SDA", "esp:21", "green", [ "h-38.4", "v144.2" ] ],
    [ "lcd1:SCL", "esp:22", "green", [ "h-38.4", "v105.9" ] ],
    [ "lcd1:GND", "esp:GND.2", "black", [ "h0" ] ],
    [ "lcd1:VCC", "esp:5V", "red", [ "h-57.6", "v297.7", "h-86.4" ] ]
  ],
  "dependencies": {}
}