{
  "version": 1,
  "author": "Uri Shaked",
  "editor": "wokwi",
  "parts": [
    { "type": "board-esp32-devkit-c-v4", "id": "esp", "top": 0, "left": 0, "attrs": {} },
    {
      "type": "wokwi-rgb-led",
      "id": "rgb1",
      "top": 32.8,
      "left": 173.9,
      "attrs": { "common": "cathode" }
    },
    {
      "type": "wokwi-lcd1602",
      "id": "lcd1",
      "top": -137.6,
      "left": 140,
      "attrs": { "pins": "i2c" }
    },
    { "type": "wokwi-dht22", "id": "dht1", "top": 96.3, "left": 138.6, "attrs": {} }
  ],
  "connections": [
    [ "esp:TX", "$serialMonitor:RX", "", [] ],
    [ "esp:RX", "$serialMonitor:TX", "", [] ],
    [ "rgb1:B", "esp:17", "green", [ "v86.4", "h1.6" ] ],
    [ "rgb1:G", "esp:18", "green", [ "v0" ] ],
    [ "rgb1:COM", "esp:GND.3", "green", [ "v0" ] ],
    [ "rgb1:R", "esp:19", "green", [ "v0" ] ],
    [ "lcd1:GND", "esp:GND.2", "black", [ "h0" ] ],
    [ "lcd1:VCC", "esp:5V", "red", [ "h-163.2", "v307.3" ] ],
    [ "lcd1:SDA", "esp:21", "green", [ "h-28.8", "v153.8" ] ],
    [ "lcd1:SCL", "esp:22", "green", [ "h-19.2", "v125.1" ] ],
    [ "dht1:VCC", "esp:5V", "red", [ "v9.6", "h-163.2" ] ],
    [ "dht1:SDA", "esp:15", "green", [ "v0" ] ],
    [ "dht1:GND", "esp:GND.2", "black", [ "v0" ] ]
  ],
  "dependencies": {}
}